{
  "red": {
    "name": "欢快派对",
    "label": "red",
    "primaryColor": "#f55e55",
    "primaryColorHover": "#F57B74",
    "primaryColorSuppl": "#F57B74",
    "primaryColorPressed": "#F64B41"
  },
  "orange": {
    "name": "柑橘桔梦",
    "label": "orange",
    "primaryColor": "#ff8c00",
    "primaryColorHover": "#ffa033",
    "primaryColorSuppl": "#ffa033",
    "primaryColorPressed": "#ff6b00"
  },
  "blue": {
    "name": "深海蓝梦",
    "label": "blue",
    "primaryColor": "#3b5998",
    "primaryColorHover": "#5475a3",
    "primaryColorSuppl": "#8b9dc3",
    "primaryColorPressed": "#2d4373"
  },
  "pink": {
    "name": "粉色梦幻",
    "label": "pink",
    "primaryColor": "#e91e63",
    "primaryColorHover": "#f06292",
    "primaryColorSuppl": "#f06292",
    "primaryColorPressed": "#c2185b"
  },
  "brown": {
    "name": "深棕林荫",
    "label": "brown",
    "primaryColor": "#795548",
    "primaryColorHover": "#8d6e63",
    "primaryColorSuppl": "#8d6e63",
    "primaryColorPressed": "#5d4037"
  },
  "indigo": {
    "name": "星空靛蓝",
    "label": "indigo",
    "primaryColor": "#3f51b5",
    "primaryColorHover": "#5c6bc0",
    "primaryColorSuppl": "#5c6bc0",
    "primaryColorPressed": "#3949ab"
  },
  "green": {
    "name": "生命绿洲",
    "label": "green",
    "primaryColor": "#2ecc71",
    "primaryColorHover": "#3ddc88",
    "primaryColorSuppl": "#3ddc88",
    "primaryColorPressed": "#27ae60"
  },
  "purple": {
    "name": "皇室紫梦",
    "label": "purple",
    "primaryColor": "#9c27b0",
    "primaryColorHover": "#ba68c8",
    "primaryColorSuppl": "#ba68c8",
    "primaryColorPressed": "#7b1fa2"
  },
  "yellow": {
    "name": "金色阳光",
    "label": "yellow",
    "primaryColor": "#FBC02D",
    "primaryColorHover": "#FFD54F",
    "primaryColorSuppl": "#FFD54F",
    "primaryColorPressed": "#FFC107"
  },
  "teal": {
    "name": "海洋碧绿",
    "label": "teal",
    "primaryColor": "#009688",
    "primaryColorHover": "#26a69a",
    "primaryColorSuppl": "#26a69a",
    "primaryColorPressed": "#00796b"
  }
}
