{"wantWatch":[{"title":"Re：从零开始的异世界生活 第二季 前半","type":"番剧","area":"日本","cover":"https://i0.hdslb.com/bfs/bangumi/image/f2425cbdb07cc93bd0d3ba1c0099bfe78f5dc58a.png@220w_280h.webp","totalCount":"全13话","id":28229233,"follow":"779.7 万","view":"1.3 亿","danmaku":"204.9 万","coin":"129.5 万","score":9.7,"des":"我一定会拯救你。\n在打倒了魔女教大罪司教「怠惰」担当——培提其乌斯·罗曼尼康帝之后，菜月昴和爱蜜莉雅又得以重新开始。\n克服了艰难的诀别，两人终于和解，然而这只是新一轮风波的序幕。\n超乎想象的绝境危机，..."},{"title":"辉夜大小姐想让我告白？～天才们的恋爱头脑战～","type":"番剧","area":"日本","cover":"https://i0.hdslb.com/bfs/bangumi/image/83ad052250e9a803e4ebaa47bef971cb079e0543.png@220w_280h.webp","totalCount":"全12话","id":28228367,"follow":"772.3 万","view":"2.2 亿","danmaku":"380.2 万","coin":"221.4 万","score":9.8,"des":"秀才所聚集的名校·秀知院学园，在那里的学生会相遇的副会长·四宫辉夜与会长·白银御行，是任何人都认为适合对方的两个天才，原以为他们马上就能交往了，但他们因为自尊心超强一直没能告白！！在“如何让对方告白”..."},{"title":"某科学的超电磁炮T","type":"番剧","area":"日本","cover":"https://i0.hdslb.com/bfs/bangumi/image/85c6e348a00a54d0b86d538efb186e006a027e21.png@220w_280h.webp","totalCount":"全25话","id":28224095,"follow":"637.2 万","view":"2.1 亿","danmaku":"276.3 万","coin":"300.7 万","score":9.8,"des":"有 230 万人口，其中八成人口为学生的「学园都市」，是比其他地区科技更为先进，并从事「超能力开发」的特殊地区。而整座学园都市中仅有七人的等级 5 超能力者之一御坂美琴，由于她的能力与个性使然，因而被..."}],"watching":[{"title":"如果历史是一群喵 第九季","type":"国创","area":"中国大陆","cover":"https://i0.hdslb.com/bfs/bangumi/image/209b1eedff3180e85f90797949922f86dee16970.png@220w_280h.webp","totalCount":"全12话","id":28339616,"follow":"304.4 万","view":"215.2 万","danmaku":8637,"coin":"1.3 万","score":9.8,"des":"《如果历史是一群喵》是一部以华夏历史为主线的非严谨萌系动画，作品以风趣幽默的语言对历史事件进行了重新解读，更容易为年轻人记忆和接受。在表达上，作品用现代动画的手法塑造了12只体态丰盈、造型可爱的猫咪，..."},{"title":"辉夜大小姐想让我告白～天才们的恋爱头脑战～","type":"番剧","area":"日本","cover":"https://i0.hdslb.com/bfs/bangumi/451037aabcdce0379752e087720673609894161a.png@220w_280h.webp","totalCount":"全12话","id":5267730,"follow":"784.0 万","view":"2.8 亿","danmaku":"484.7 万","coin":"186.9 万","score":9.8,"des":"家庭背景与人品都很棒！！一大群有前途的秀才所聚集的秀知院学园！！在那里的学生会相遇的副会长·四宫辉夜与会长·白银御行原本应该是彼此受到了对方吸引…但想不到都过半年了却仍然什么事情也没发生！！最麻烦的是..."},{"title":"Love Live! School Idol Project","type":"番剧","area":"日本","cover":"https://i0.hdslb.com/bfs/bangumi/133030604f6d68986249fe34ba909c800eb685d5.jpg@220w_280h.webp","totalCount":"全13话","id":3068,"follow":"194.9 万","view":"3323.5 万","danmaku":"356.2 万","coin":"16.9 万","score":9.7,"des":"【本字幕由LoveEcho!字幕组协力译制】位于东京都千代田区的传统高校“音乃木阪学院”，因为入读的学生人数骤减，所以正面临着废校的危机。其中九位少女为了保护她们喜爱的学校而决定成为偶像，因为只要她们..."},{"title":"工作细胞","type":"番剧","area":"日本","cover":"https://i0.hdslb.com/bfs/bangumi/f5d5f51b941c01f8b90b361b412dc75ecc2608d3.png@220w_280h.webp","totalCount":"全14话","id":102392,"follow":"809.8 万","view":"2.3 亿","danmaku":"454.1 万","coin":"92.8 万","score":9.6,"des":"这是一个关于你自身的故事。你体内的故事——。\n人的细胞数量，约为37兆2千亿个。\n细胞们在名为身体的世界中，今天也精神满满、无休无眠地在工作着。\n运送着氧气的红细胞，与细菌战斗的白细胞……！这里，有着..."},{"title":"某科学的超电磁炮S","type":"番剧","area":"日本","cover":"https://i0.hdslb.com/bfs/bangumi/image/090d4aa97754d1d80206e461eb633b28b9deed07.jpg@220w_280h.webp","totalCount":"全24话","id":427,"follow":"278.8 万","view":"1.0 亿","danmaku":"772.2 万","coin":"70.0 万","score":9.7,"des":"《科学超电磁炮（とある科学の超电磁炮）》是以镰池和马所著作的轻小说《魔法禁书目录》的人气角色御坂美琴为主角所作的外传漫画，由冬川基作画，连载于月刊Comic电击大王，至2009年12月已经累计销售18..."}],"watched":[{"title":"如果历史是一群喵 1-3季","type":"国创","area":"中国大陆","cover":"https://i0.hdslb.com/bfs/bangumi/e6cf75db82e292f7b5ca29c96767464c686dc94d.jpg@220w_280h.webp","totalCount":"全38话","id":129152,"follow":"227.7 万","view":"1.6 亿","danmaku":"51.4 万","coin":"45.0 万","score":9.7,"des":"《如果历史是一群喵》是一部以华夏历史为主线的非严谨萌系动画，作品以风趣幽默的语言对历史事件进行了重新解读，更容易为年轻人记忆和接受。在表达上，作品用现代动画的手法塑造了12只体态丰盈、造型可爱的猫咪，..."},{"title":"某科学的超电磁炮","type":"番剧","area":"日本","cover":"https://i0.hdslb.com/bfs/bangumi/image/aad797f1f0212aba5578a1ed1c992ef1b9ff7c4b.jpg@220w_280h.webp","totalCount":"全24话","id":425,"follow":"563.9 万","view":"1.7 亿","danmaku":"1292.6 万","coin":"121.8 万","score":9.7,"des":"故事发生在面积占据东京都的三分之一，居住着230万名人口且其中八成人口是学生的巨大都市“学园都市”。学园都市的所有学生均会接受超能力开发，借由药物、催眠术与通电刺激等方式取得超能力。能力者以范围和威力..."}]}